text,label
Security alert confirm your identity to continue,1
Unusual activity detected on your account please verify,1
Your account will be suspended within 35 hours,1
Verify your account immediately to avoid restriction,1
Security alert confirm your identity to continue,1
Your account will be suspended within 46 hours,1
Security alert confirm your identity to continue,1
Your account will be suspended within 36 hours,1
Unusual activity detected on your account please verify,1
Security alert confirm your identity to continue,1
Security alert confirm your identity to continue,1
Unusual activity detected on your account please verify,1
Your account will be suspended within 38 hours,1
Your account will be suspended within 34 hours,1
Your payment has failed update details now,1
Unusual activity detected on your account please verify,1
Unusual activity detected on your account please verify,1
Unusual activity detected on your account please verify,1
Your account will be suspended within 10 hours,1
Your account will be suspended within 16 hours,1
Your payment has failed update details now,1
Your account will be suspended within 23 hours,1
Your account will be suspended within 10 hours,1
Your account will be suspended within 42 hours,1
Unusual activity detected on your account please verify,1
Unusual activity detected on your account please verify,1
Your payment has failed update details now,1
Security alert confirm your identity to continue,1
Unusual activity detected on your account please verify,1
Verify your account immediately to avoid restriction,1
Your payment has failed update details now,1
Unusual activity detected on your account please verify,1
Security alert confirm your identity to continue,1
Verify your account immediately to avoid restriction,1
Your account will be suspended within 30 hours,1
Your account will be suspended within 3 hours,1
Unusual activity detected on your account please verify,1
Your account will be suspended within 8 hours,1
Your account will be suspended within 20 hours,1
Unusual activity detected on your account please verify,1
Your payment has failed update details now,1
Your payment has failed update details now,1
Verify your account immediately to avoid restriction,1
Security alert confirm your identity to continue,1
Security alert confirm your identity to continue,1
Security alert confirm your identity to continue,1
Your account will be suspended within 16 hours,1
Security alert confirm your identity to continue,1
Unusual activity detected on your account please verify,1
Your account will be suspended within 3 hours,1
Your account will be suspended within 6 hours,1
Unusual activity detected on your account please verify,1
Verify your account immediately to avoid restriction,1
Unusual activity detected on your account please verify,1
Security alert confirm your identity to continue,1
Verify your account immediately to avoid restriction,1
Verify your account immediately to avoid restriction,1
Unusual activity detected on your account please verify,1
Your payment has failed update details now,1
Verify your account immediately to avoid restriction,1
Verify your account immediately to avoid restriction,1
Your payment has failed update details now,1
Unusual activity detected on your account please verify,1
Security alert confirm your identity to continue,1
Verify your account immediately to avoid restriction,1
Unusual activity detected on your account please verify,1
Verify your account immediately to avoid restriction,1
Unusual activity detected on your account please verify,1
Verify your account immediately to avoid restriction,1
Your payment has failed update details now,1
Unusual activity detected on your account please verify,1
Verify your account immediately to avoid restriction,1
Your account will be suspended within 6 hours,1
Your account will be suspended within 19 hours,1
Security alert confirm your identity to continue,1
Your account will be suspended within 41 hours,1
Security alert confirm your identity to continue,1
Your account will be suspended within 15 hours,1
Verify your account immediately to avoid restriction,1
Your account will be suspended within 46 hours,1
Security alert confirm your identity to continue,1
Verify your account immediately to avoid restriction,1
Verify your account immediately to avoid restriction,1
Security alert confirm your identity to continue,1
Verify your account immediately to avoid restriction,1
Verify your account immediately to avoid restriction,1
Your payment has failed update details now,1
Verify your account immediately to avoid restriction,1
Security alert confirm your identity to continue,1
Verify your account immediately to avoid restriction,1
Security alert confirm your identity to continue,1
Verify your account immediately to avoid restriction,1
Verify your account immediately to avoid restriction,1
Your account will be suspended within 10 hours,1
Your account will be suspended within 32 hours,1
Your account will be suspended within 45 hours,1
Verify your account immediately to avoid restriction,1
Verify your account immediately to avoid restriction,1
Unusual activity detected on your account please verify,1
Unusual activity detected on your account please verify,1
Your payment has failed update details now,1
Unusual activity detected on your account please verify,1
Your payment has failed update details now,1
Verify your account immediately to avoid restriction,1
Verify your account immediately to avoid restriction,1
Verify your account immediately to avoid restriction,1
Your payment has failed update details now,1
Security alert confirm your identity to continue,1
Security alert confirm your identity to continue,1
Verify your account immediately to avoid restriction,1
Verify your account immediately to avoid restriction,1
Security alert confirm your identity to continue,1
Unusual activity detected on your account please verify,1
Unusual activity detected on your account please verify,1
Your account will be suspended within 48 hours,1
Security alert confirm your identity to continue,1
Verify your account immediately to avoid restriction,1
Security alert confirm your identity to continue,1
Your payment has failed update details now,1
Your payment has failed update details now,1
Your account will be suspended within 45 hours,1
Unusual activity detected on your account please verify,1
Verify your account immediately to avoid restriction,1
Your payment has failed update details now,1
Your account will be suspended within 5 hours,1
Your account will be suspended within 26 hours,1
Your account will be suspended within 2 hours,1
Your payment has failed update details now,1
Security alert confirm your identity to continue,1
Verify your account immediately to avoid restriction,1
Unusual activity detected on your account please verify,1
Unusual activity detected on your account please verify,1
Your account will be suspended within 20 hours,1
Verify your account immediately to avoid restriction,1
Your account will be suspended within 35 hours,1
Unusual activity detected on your account please verify,1
Your payment has failed update details now,1
Security alert confirm your identity to continue,1
Your payment has failed update details now,1
Verify your account immediately to avoid restriction,1
Your account will be suspended within 38 hours,1
Your account will be suspended within 43 hours,1
Unusual activity detected on your account please verify,1
Your payment has failed update details now,1
Verify your account immediately to avoid restriction,1
Unusual activity detected on your account please verify,1
Unusual activity detected on your account please verify,1
Your payment has failed update details now,1
Security alert confirm your identity to continue,1
Unusual activity detected on your account please verify,1
Verify your account immediately to avoid restriction,1
Your account will be suspended within 7 hours,1
Security alert confirm your identity to continue,1
Verify your account immediately to avoid restriction,1
Your account will be suspended within 46 hours,1
Your payment has failed update details now,1
Your payment has failed update details now,1
Unusual activity detected on your account please verify,1
Your payment has failed update details now,1
Verify your account immediately to avoid restriction,1
Your account will be suspended within 12 hours,1
Your payment has failed update details now,1
Unusual activity detected on your account please verify,1
Verify your account immediately to avoid restriction,1
Your payment has failed update details now,1
Unusual activity detected on your account please verify,1
Your account will be suspended within 6 hours,1
Unusual activity detected on your account please verify,1
Your payment has failed update details now,1
Security alert confirm your identity to continue,1
Your payment has failed update details now,1
Your payment has failed update details now,1
Your account will be suspended within 36 hours,1
Your account will be suspended within 41 hours,1
Verify your account immediately to avoid restriction,1
Security alert confirm your identity to continue,1
Your account will be suspended within 5 hours,1
Your payment has failed update details now,1
Your account will be suspended within 3 hours,1
Security alert confirm your identity to continue,1
Verify your account immediately to avoid restriction,1
Unusual activity detected on your account please verify,1
Your payment has failed update details now,1
Verify your account immediately to avoid restriction,1
Your payment has failed update details now,1
Your account will be suspended within 34 hours,1
Your payment has failed update details now,1
Your account will be suspended within 39 hours,1
Your account will be suspended within 26 hours,1
Your payment has failed update details now,1
Your payment has failed update details now,1
Your account will be suspended within 5 hours,1
Your account will be suspended within 17 hours,1
Your account will be suspended within 42 hours,1
Unusual activity detected on your account please verify,1
Security alert confirm your identity to continue,1
Security alert confirm your identity to continue,1
Verify your account immediately to avoid restriction,1
Security alert confirm your identity to continue,1
Security alert confirm your identity to continue,1
Your payment has failed update details now,1
Unusual activity detected on your account please verify,1
Your payment has failed update details now,1
Your payment has failed update details now,1
Unusual activity detected on your account please verify,1
Your account will be suspended within 23 hours,1
Security alert confirm your identity to continue,1
Your account will be suspended within 18 hours,1
Unusual activity detected on your account please verify,1
Your account will be suspended within 24 hours,1
Your account will be suspended within 29 hours,1
Your account will be suspended within 19 hours,1
Your payment has failed update details now,1
Security alert confirm your identity to continue,1
Your account will be suspended within 4 hours,1
Security alert confirm your identity to continue,1
Your payment has failed update details now,1
Security alert confirm your identity to continue,1
Security alert confirm your identity to continue,1
Your account will be suspended within 36 hours,1
Your account will be suspended within 46 hours,1
Your payment has failed update details now,1
Security alert confirm your identity to continue,1
Unusual activity detected on your account please verify,1
Verify your account immediately to avoid restriction,1
Verify your account immediately to avoid restriction,1
Verify your account immediately to avoid restriction,1
Verify your account immediately to avoid restriction,1
Verify your account immediately to avoid restriction,1
Verify your account immediately to avoid restriction,1
Security alert confirm your identity to continue,1
Your account will be suspended within 35 hours,1
Your payment has failed update details now,1
Security alert confirm your identity to continue,1
Security alert confirm your identity to continue,1
Unusual activity detected on your account please verify,1
Verify your account immediately to avoid restriction,1
Unusual activity detected on your account please verify,1
Security alert confirm your identity to continue,1
Security alert confirm your identity to continue,1
Verify your account immediately to avoid restriction,1
Your payment has failed update details now,1
Verify your account immediately to avoid restriction,1
Your payment has failed update details now,1
Verify your account immediately to avoid restriction,1
Your account will be suspended within 12 hours,1
Unusual activity detected on your account please verify,1
Your payment has failed update details now,1
Unusual activity detected on your account please verify,1
Verify your account immediately to avoid restriction,1
Unusual activity detected on your account please verify,1
Your payment has failed update details now,1
Security alert confirm your identity to continue,1
Your account will be suspended within 3 hours,1
Your account will be suspended within 47 hours,1
Unusual activity detected on your account please verify,1
Security alert confirm your identity to continue,1
Security alert confirm your identity to continue,1
Unusual activity detected on your account please verify,1
Your account will be suspended within 26 hours,1
Your payment has failed update details now,1
Your account will be suspended within 23 hours,1
Unusual activity detected on your account please verify,1
Verify your account immediately to avoid restriction,1
Unusual activity detected on your account please verify,1
Unusual activity detected on your account please verify,1
Unusual activity detected on your account please verify,1
Security alert confirm your identity to continue,1
Your payment has failed update details now,1
Unusual activity detected on your account please verify,1
Your payment has failed update details now,1
Your account will be suspended within 43 hours,1
Security alert confirm your identity to continue,1
Verify your account immediately to avoid restriction,1
Your payment has failed update details now,1
Your account will be suspended within 43 hours,1
Your account will be suspended within 19 hours,1
Unusual activity detected on your account please verify,1
Security alert confirm your identity to continue,1
Unusual activity detected on your account please verify,1
Verify your account immediately to avoid restriction,1
Your account will be suspended within 34 hours,1
Verify your account immediately to avoid restriction,1
Your account will be suspended within 4 hours,1
Your payment has failed update details now,1
Your payment has failed update details now,1
Your account will be suspended within 28 hours,1
Unusual activity detected on your account please verify,1
Your account will be suspended within 48 hours,1
Unusual activity detected on your account please verify,1
Unusual activity detected on your account please verify,1
Unusual activity detected on your account please verify,1
Your payment has failed update details now,1
Your account will be suspended within 30 hours,1
Your account will be suspended within 2 hours,1
Security alert confirm your identity to continue,1
Security alert confirm your identity to continue,1
Verify your account immediately to avoid restriction,1
Your payment has failed update details now,1
Security alert confirm your identity to continue,1
Your account will be suspended within 24 hours,1
Security alert confirm your identity to continue,1
Unusual activity detected on your account please verify,1
Security alert confirm your identity to continue,1
Your account will be suspended within 31 hours,1
Unusual activity detected on your account please verify,1
Your payment has failed update details now,1
Unusual activity detected on your account please verify,1
Unusual activity detected on your account please verify,1
Security alert confirm your identity to continue,1
Verify your account immediately to avoid restriction,1
Your payment has failed update details now,1
Your account will be suspended within 12 hours,1
Your payment has failed update details now,1
Your payment has failed update details now,1
Verify your account immediately to avoid restriction,1
Unusual activity detected on your account please verify,1
Verify your account immediately to avoid restriction,1
Your payment has failed update details now,1
Security alert confirm your identity to continue,1
Your account will be suspended within 21 hours,1
Your account will be suspended within 10 hours,1
Security alert confirm your identity to continue,1
Verify your account immediately to avoid restriction,1
Your account will be suspended within 13 hours,1
Security alert confirm your identity to continue,1
Unusual activity detected on your account please verify,1
Your account will be suspended within 1 hours,1
Your account will be suspended within 41 hours,1
Security alert confirm your identity to continue,1
Your payment has failed update details now,1
Security alert confirm your identity to continue,1
Your payment has failed update details now,1
Unusual activity detected on your account please verify,1
Your payment has failed update details now,1
Security alert confirm your identity to continue,1
Unusual activity detected on your account please verify,1
Unusual activity detected on your account please verify,1
Your account will be suspended within 48 hours,1
Verify your account immediately to avoid restriction,1
Security alert confirm your identity to continue,1
Security alert confirm your identity to continue,1
Your account will be suspended within 38 hours,1
Verify your account immediately to avoid restriction,1
Verify your account immediately to avoid restriction,1
Your payment has failed update details now,1
Your account will be suspended within 35 hours,1
Your payment has failed update details now,1
Unusual activity detected on your account please verify,1
Security alert confirm your identity to continue,1
Aapke account me unusual activity detect hui hai,1
Turant details update karo nahi toh service block ho jayegi,1
Security alert hai please account verify karein,1
Verify karo warna account band ho jayega,1
Security alert hai please account verify karein,1
Security alert hai please account verify karein,1
Turant details update karo nahi toh service block ho jayegi,1
Security alert hai please account verify karein,1
Turant details update karo nahi toh service block ho jayegi,1
Turant details update karo nahi toh service block ho jayegi,1
Turant details update karo nahi toh service block ho jayegi,1
Turant details update karo nahi toh service block ho jayegi,1
Aapke account me unusual activity detect hui hai,1
Turant details update karo nahi toh service block ho jayegi,1
Aapka account 9 ghante me suspend ho jayega,1
Security alert hai please account verify karein,1
Security alert hai please account verify karein,1
Turant details update karo nahi toh service block ho jayegi,1
Aapke account me unusual activity detect hui hai,1
Aapke account me unusual activity detect hui hai,1
Aapka account 29 ghante me suspend ho jayega,1
Verify karo warna account band ho jayega,1
Turant details update karo nahi toh service block ho jayegi,1
Aapke account me unusual activity detect hui hai,1
Aapka account 23 ghante me suspend ho jayega,1
Verify karo warna account band ho jayega,1
Turant details update karo nahi toh service block ho jayegi,1
Verify karo warna account band ho jayega,1
Security alert hai please account verify karein,1
Security alert hai please account verify karein,1
Verify karo warna account band ho jayega,1
Aapke account me unusual activity detect hui hai,1
Verify karo warna account band ho jayega,1
Aapka account 4 ghante me suspend ho jayega,1
Aapke account me unusual activity detect hui hai,1
Security alert hai please account verify karein,1
Aapka account 42 ghante me suspend ho jayega,1
Turant details update karo nahi toh service block ho jayegi,1
Verify karo warna account band ho jayega,1
Verify karo warna account band ho jayega,1
Aapke account me unusual activity detect hui hai,1
Turant details update karo nahi toh service block ho jayegi,1
Aapka account 35 ghante me suspend ho jayega,1
Verify karo warna account band ho jayega,1
Security alert hai please account verify karein,1
Security alert hai please account verify karein,1
Aapka account 30 ghante me suspend ho jayega,1
Verify karo warna account band ho jayega,1
Aapke account me unusual activity detect hui hai,1
Security alert hai please account verify karein,1
Security alert hai please account verify karein,1
Aapke account me unusual activity detect hui hai,1
Security alert hai please account verify karein,1
Aapka account 4 ghante me suspend ho jayega,1
Security alert hai please account verify karein,1
Aapke account me unusual activity detect hui hai,1
Security alert hai please account verify karein,1
Turant details update karo nahi toh service block ho jayegi,1
Security alert hai please account verify karein,1
Verify karo warna account band ho jayega,1
Security alert hai please account verify karein,1
Aapka account 43 ghante me suspend ho jayega,1
Verify karo warna account band ho jayega,1
Aapka account 15 ghante me suspend ho jayega,1
Aapka account 4 ghante me suspend ho jayega,1
Aapka account 36 ghante me suspend ho jayega,1
Security alert hai please account verify karein,1
Turant details update karo nahi toh service block ho jayegi,1
Turant details update karo nahi toh service block ho jayegi,1
Verify karo warna account band ho jayega,1
Aapke account me unusual activity detect hui hai,1
Verify karo warna account band ho jayega,1
Aapka account 7 ghante me suspend ho jayega,1
Aapke account me unusual activity detect hui hai,1
Aapka account 19 ghante me suspend ho jayega,1
Turant details update karo nahi toh service block ho jayegi,1
Verify karo warna account band ho jayega,1
Verify karo warna account band ho jayega,1
Aapka account 46 ghante me suspend ho jayega,1
Aapke account me unusual activity detect hui hai,1
Verify karo warna account band ho jayega,1
Turant details update karo nahi toh service block ho jayegi,1
Aapka account 35 ghante me suspend ho jayega,1
Aapke account me unusual activity detect hui hai,1
Aapka account 32 ghante me suspend ho jayega,1
Aapke account me unusual activity detect hui hai,1
Security alert hai please account verify karein,1
Turant details update karo nahi toh service block ho jayegi,1
Security alert hai please account verify karein,1
Turant details update karo nahi toh service block ho jayegi,1
Aapke account me unusual activity detect hui hai,1
Aapka account 21 ghante me suspend ho jayega,1
Verify karo warna account band ho jayega,1
Security alert hai please account verify karein,1
Security alert hai please account verify karein,1
Security alert hai please account verify karein,1
Security alert hai please account verify karein,1
Verify karo warna account band ho jayega,1
Aapke account me unusual activity detect hui hai,1
Turant details update karo nahi toh service block ho jayegi,1
Aapka account 33 ghante me suspend ho jayega,1
Aapke account me unusual activity detect hui hai,1
Aapka account 25 ghante me suspend ho jayega,1
Aapke account me unusual activity detect hui hai,1
Verify karo warna account band ho jayega,1
Turant details update karo nahi toh service block ho jayegi,1
Turant details update karo nahi toh service block ho jayegi,1
Aapke account me unusual activity detect hui hai,1
Security alert hai please account verify karein,1
Turant details update karo nahi toh service block ho jayegi,1
Aapke account me unusual activity detect hui hai,1
Security alert hai please account verify karein,1
Verify karo warna account band ho jayega,1
Turant details update karo nahi toh service block ho jayegi,1
Aapka account 18 ghante me suspend ho jayega,1
Verify karo warna account band ho jayega,1
Aapke account me unusual activity detect hui hai,1
Verify karo warna account band ho jayega,1
Verify karo warna account band ho jayega,1
Turant details update karo nahi toh service block ho jayegi,1
Aapka account 47 ghante me suspend ho jayega,1
Security alert hai please account verify karein,1
Aapke account me unusual activity detect hui hai,1
Turant details update karo nahi toh service block ho jayegi,1
Security alert hai please account verify karein,1
Aapka account 13 ghante me suspend ho jayega,1
Turant details update karo nahi toh service block ho jayegi,1
Verify karo warna account band ho jayega,1
Aapke account me unusual activity detect hui hai,1
Aapka account 8 ghante me suspend ho jayega,1
Security alert hai please account verify karein,1
Aapka account 11 ghante me suspend ho jayega,1
Security alert hai please account verify karein,1
Security alert hai please account verify karein,1
Security alert hai please account verify karein,1
Turant details update karo nahi toh service block ho jayegi,1
Aapke account me unusual activity detect hui hai,1
Aapka account 30 ghante me suspend ho jayega,1
Security alert hai please account verify karein,1
Verify karo warna account band ho jayega,1
Security alert hai please account verify karein,1
Aapka account 47 ghante me suspend ho jayega,1
Aapka account 33 ghante me suspend ho jayega,1
Verify karo warna account band ho jayega,1
Security alert hai please account verify karein,1
Verify karo warna account band ho jayega,1
Security alert hai please account verify karein,1
Aapke account me unusual activity detect hui hai,1
Verify karo warna account band ho jayega,1
Aapke account me unusual activity detect hui hai,1
Turant details update karo nahi toh service block ho jayegi,1
Security alert hai please account verify karein,1
Security alert hai please account verify karein,1
Security alert hai please account verify karein,1
Security alert hai please account verify karein,1
Aapke account me unusual activity detect hui hai,1
Aapke account me unusual activity detect hui hai,1
Aapke account me unusual activity detect hui hai,1
Security alert hai please account verify karein,1
Verify karo warna account band ho jayega,1
Verify karo warna account band ho jayega,1
Security alert hai please account verify karein,1
Aapke account me unusual activity detect hui hai,1
Aapke account me unusual activity detect hui hai,1
Aapka account 39 ghante me suspend ho jayega,1
Turant details update karo nahi toh service block ho jayegi,1
Aapke account me unusual activity detect hui hai,1
Aapke account me unusual activity detect hui hai,1
Aapke account me unusual activity detect hui hai,1
Aapke account me unusual activity detect hui hai,1
Aapke account me unusual activity detect hui hai,1
Verify karo warna account band ho jayega,1
Aapke account me unusual activity detect hui hai,1
Turant details update karo nahi toh service block ho jayegi,1
Verify karo warna account band ho jayega,1
Aapka account 14 ghante me suspend ho jayega,1
Turant details update karo nahi toh service block ho jayegi,1
Verify karo warna account band ho jayega,1
Verify karo warna account band ho jayega,1
Verify karo warna account band ho jayega,1
Turant details update karo nahi toh service block ho jayegi,1
Aapke account me unusual activity detect hui hai,1
Aapka account 34 ghante me suspend ho jayega,1
Security alert hai please account verify karein,1
Aapka account 15 ghante me suspend ho jayega,1
Security alert hai please account verify karein,1
Aapke account me unusual activity detect hui hai,1
Aapke account me unusual activity detect hui hai,1
Security alert hai please account verify karein,1
Verify karo warna account band ho jayega,1
Turant details update karo nahi toh service block ho jayegi,1
Turant details update karo nahi toh service block ho jayegi,1
Aapke account me unusual activity detect hui hai,1
Aapka account 14 ghante me suspend ho jayega,1
Security alert hai please account verify karein,1
Turant details update karo nahi toh service block ho jayegi,1
Turant details update karo nahi toh service block ho jayegi,1
Verify karo warna account band ho jayega,1
Turant details update karo nahi toh service block ho jayegi,1
Verify karo warna account band ho jayega,1
Turant details update karo nahi toh service block ho jayegi,1
Aapke account me unusual activity detect hui hai,1
Verify karo warna account band ho jayega,1
Aapke account me unusual activity detect hui hai,1
Verify karo warna account band ho jayega,1
Verify karo warna account band ho jayega,1
Turant details update karo nahi toh service block ho jayegi,1
Security alert hai please account verify karein,1
Aapka account 32 ghante me suspend ho jayega,1
Aapka account 42 ghante me suspend ho jayega,1
Turant details update karo nahi toh service block ho jayegi,1
Security alert hai please account verify karein,1
Verify karo warna account band ho jayega,1
Turant details update karo nahi toh service block ho jayegi,1
Verify karo warna account band ho jayega,1
Aapka account 2 ghante me suspend ho jayega,1
Turant details update karo nahi toh service block ho jayegi,1
Aapka account 43 ghante me suspend ho jayega,1
Security alert hai please account verify karein,1
Turant details update karo nahi toh service block ho jayegi,1
Aapka account 34 ghante me suspend ho jayega,1
Security alert hai please account verify karein,1
Aapke account me unusual activity detect hui hai,1
Aapka account 8 ghante me suspend ho jayega,1
Verify karo warna account band ho jayega,1
Turant details update karo nahi toh service block ho jayegi,1
Aapke account me unusual activity detect hui hai,1
Verify karo warna account band ho jayega,1
Security alert hai please account verify karein,1
Verify karo warna account band ho jayega,1
Aapka account 31 ghante me suspend ho jayega,1
Turant details update karo nahi toh service block ho jayegi,1
Security alert hai please account verify karein,1
Security alert hai please account verify karein,1
Aapke account me unusual activity detect hui hai,1
Security alert hai please account verify karein,1
Verify karo warna account band ho jayega,1
Turant details update karo nahi toh service block ho jayegi,1
Turant details update karo nahi toh service block ho jayegi,1
Aapke account me unusual activity detect hui hai,1
Turant details update karo nahi toh service block ho jayegi,1
Aapke account me unusual activity detect hui hai,1
Verify karo warna account band ho jayega,1
Turant details update karo nahi toh service block ho jayegi,1
Aapka account 6 ghante me suspend ho jayega,1
Aapka account 14 ghante me suspend ho jayega,1
Security alert hai please account verify karein,1
Turant details update karo nahi toh service block ho jayegi,1
Aapka account 16 ghante me suspend ho jayega,1
Turant details update karo nahi toh service block ho jayegi,1
Aapka payment successful raha,0
Your account statement is ready to view,0
Your account statement is ready to view,0
Your OTP is 512178 do not share it with anyone,0
Your OTP is 822665 do not share it with anyone,0
Aapka payment successful raha,0
Your OTP is 660977 do not share it with anyone,0
Aapka payment successful raha,0
Your OTP is 409688 do not share it with anyone,0
Thank you for your recent purchase,0
Your OTP is 623750 do not share it with anyone,0
Your OTP is 597103 do not share it with anyone,0
Thank you for your recent purchase,0
Aapka payment successful raha,0
Your order has been delivered successfully,0
Your account statement is ready to view,0
Thank you for your recent purchase,0
Your OTP is 854261 do not share it with anyone,0
Your account statement is ready to view,0
Your OTP is 242954 do not share it with anyone,0
Your account statement is ready to view,0
Thank you for your recent purchase,0
Your OTP is 500939 do not share it with anyone,0
Thank you for your recent purchase,0
Your order has been delivered successfully,0
Your OTP is 932447 do not share it with anyone,0
Thank you for your recent purchase,0
Your order has been delivered successfully,0
Your OTP is 824214 do not share it with anyone,0
Thank you for your recent purchase,0
Thank you for your recent purchase,0
Your account statement is ready to view,0
Your OTP is 842551 do not share it with anyone,0
Thank you for your recent purchase,0
Your order has been delivered successfully,0
Your account statement is ready to view,0
Thank you for your recent purchase,0
Your account statement is ready to view,0
Your account statement is ready to view,0
Your order has been delivered successfully,0
Aapka payment successful raha,0
Your order has been delivered successfully,0
Your OTP is 911341 do not share it with anyone,0
Your order has been delivered successfully,0
Your order has been delivered successfully,0
Your OTP is 274287 do not share it with anyone,0
Your order has been delivered successfully,0
Thank you for your recent purchase,0
Aapka payment successful raha,0
Your account statement is ready to view,0
Aapka payment successful raha,0
Your order has been delivered successfully,0
Your account statement is ready to view,0
Your order has been delivered successfully,0
Your OTP is 995850 do not share it with anyone,0
Your OTP is 680335 do not share it with anyone,0
Your account statement is ready to view,0
Thank you for your recent purchase,0
Your order has been delivered successfully,0
Aapka payment successful raha,0
Your OTP is 852520 do not share it with anyone,0
Your account statement is ready to view,0
Your account statement is ready to view,0
Your order has been delivered successfully,0
Your order has been delivered successfully,0
Your order has been delivered successfully,0
Thank you for your recent purchase,0
Thank you for your recent purchase,0
Your OTP is 710162 do not share it with anyone,0
Thank you for your recent purchase,0
Thank you for your recent purchase,0
Your order has been delivered successfully,0
Your OTP is 885219 do not share it with anyone,0
Your OTP is 355578 do not share it with anyone,0
Your OTP is 470087 do not share it with anyone,0
Your OTP is 199685 do not share it with anyone,0
Aapka payment successful raha,0
Your account statement is ready to view,0
Your account statement is ready to view,0
Your order has been delivered successfully,0
Aapka payment successful raha,0
Thank you for your recent purchase,0
Your OTP is 337658 do not share it with anyone,0
Your account statement is ready to view,0
Your OTP is 736748 do not share it with anyone,0
Your OTP is 673092 do not share it with anyone,0
Aapka payment successful raha,0
Aapka payment successful raha,0
Aapka payment successful raha,0
Thank you for your recent purchase,0
Your account statement is ready to view,0
Your account statement is ready to view,0
Your OTP is 553333 do not share it with anyone,0
Your account statement is ready to view,0
Your order has been delivered successfully,0
Your OTP is 287713 do not share it with anyone,0
Your account statement is ready to view,0
Your OTP is 643067 do not share it with anyone,0
Thank you for your recent purchase,0
Your order has been delivered successfully,0
Your account statement is ready to view,0
Thank you for your recent purchase,0
Your account statement is ready to view,0
Your account statement is ready to view,0
Your account statement is ready to view,0
Your OTP is 692430 do not share it with anyone,0
Your OTP is 438756 do not share it with anyone,0
Your account statement is ready to view,0
Aapka payment successful raha,0
Thank you for your recent purchase,0
Your OTP is 863352 do not share it with anyone,0
Your account statement is ready to view,0
Your account statement is ready to view,0
Your OTP is 549708 do not share it with anyone,0
Your account statement is ready to view,0
Your OTP is 576428 do not share it with anyone,0
Your account statement is ready to view,0
Your OTP is 731078 do not share it with anyone,0
Aapka payment successful raha,0
Aapka payment successful raha,0
Your order has been delivered successfully,0
Your OTP is 977333 do not share it with anyone,0
Your OTP is 384025 do not share it with anyone,0
Thank you for your recent purchase,0
Your order has been delivered successfully,0
Your account statement is ready to view,0
Aapka payment successful raha,0
Your OTP is 921803 do not share it with anyone,0
Your OTP is 603317 do not share it with anyone,0
Aapka payment successful raha,0
Thank you for your recent purchase,0
Your account statement is ready to view,0
Your account statement is ready to view,0
Your order has been delivered successfully,0
Your order has been delivered successfully,0
Aapka payment successful raha,0
Your OTP is 859191 do not share it with anyone,0
Your account statement is ready to view,0
Your order has been delivered successfully,0
Your OTP is 218544 do not share it with anyone,0
Your order has been delivered successfully,0
Your order has been delivered successfully,0
Aapka payment successful raha,0
Your OTP is 631036 do not share it with anyone,0
Your account statement is ready to view,0
Your OTP is 258524 do not share it with anyone,0
Your order has been delivered successfully,0
Your OTP is 867437 do not share it with anyone,0
Your OTP is 735297 do not share it with anyone,0
Your OTP is 711830 do not share it with anyone,0
Your order has been delivered successfully,0
Your OTP is 730769 do not share it with anyone,0
Your order has been delivered successfully,0
Your account statement is ready to view,0
Your OTP is 375241 do not share it with anyone,0
Thank you for your recent purchase,0
Your order has been delivered successfully,0
Aapka payment successful raha,0
Thank you for your recent purchase,0
Your account statement is ready to view,0
Aapka payment successful raha,0
Your order has been delivered successfully,0
Your account statement is ready to view,0
Your order has been delivered successfully,0
Your order has been delivered successfully,0
Aapka payment successful raha,0
Thank you for your recent purchase,0
Your OTP is 372184 do not share it with anyone,0
Your order has been delivered successfully,0
Your OTP is 719011 do not share it with anyone,0
Thank you for your recent purchase,0
Thank you for your recent purchase,0
Aapka payment successful raha,0
Your OTP is 559997 do not share it with anyone,0
Your order has been delivered successfully,0
Aapka payment successful raha,0
Your OTP is 992917 do not share it with anyone,0
Aapka payment successful raha,0
Your account statement is ready to view,0
Thank you for your recent purchase,0
Your OTP is 384430 do not share it with anyone,0
Thank you for your recent purchase,0
Your account statement is ready to view,0
Your account statement is ready to view,0
Thank you for your recent purchase,0
Thank you for your recent purchase,0
Your account statement is ready to view,0
Aapka payment successful raha,0
Aapka payment successful raha,0
Your account statement is ready to view,0
Your order has been delivered successfully,0
Your order has been delivered successfully,0
Your order has been delivered successfully,0
Your account statement is ready to view,0
Aapka payment successful raha,0
Thank you for your recent purchase,0
Your OTP is 860960 do not share it with anyone,0
Thank you for your recent purchase,0
Aapka payment successful raha,0
Thank you for your recent purchase,0
Your order has been delivered successfully,0
Your OTP is 840439 do not share it with anyone,0
Your OTP is 799271 do not share it with anyone,0
Your account statement is ready to view,0
Your OTP is 161252 do not share it with anyone,0
Your order has been delivered successfully,0
Aapka payment successful raha,0
Thank you for your recent purchase,0
Your OTP is 980415 do not share it with anyone,0
Aapka payment successful raha,0
Your order has been delivered successfully,0
Your OTP is 267171 do not share it with anyone,0
Your order has been delivered successfully,0
Thank you for your recent purchase,0
Thank you for your recent purchase,0
Your account statement is ready to view,0
Aapka payment successful raha,0
Your order has been delivered successfully,0
Aapka payment successful raha,0
Your account statement is ready to view,0
Your account statement is ready to view,0
Your account statement is ready to view,0
Your OTP is 452570 do not share it with anyone,0
Your OTP is 702432 do not share it with anyone,0
Your order has been delivered successfully,0
Your OTP is 201359 do not share it with anyone,0
Your account statement is ready to view,0
Aapka payment successful raha,0
Your account statement is ready to view,0
Your OTP is 193783 do not share it with anyone,0
Aapka payment successful raha,0
Aapka payment successful raha,0
Thank you for your recent purchase,0
Thank you for your recent purchase,0
Your account statement is ready to view,0
Your OTP is 232554 do not share it with anyone,0
Your order has been delivered successfully,0
Thank you for your recent purchase,0
Aapka payment successful raha,0
Your OTP is 730231 do not share it with anyone,0
Thank you for your recent purchase,0
Thank you for your recent purchase,0
Your order has been delivered successfully,0
Your OTP is 738026 do not share it with anyone,0
Aapka payment successful raha,0
Your order has been delivered successfully,0
Aapka payment successful raha,0
Your OTP is 889429 do not share it with anyone,0
Aapka payment successful raha,0
Thank you for your recent purchase,0
Thank you for your recent purchase,0
Aapka payment successful raha,0
Your OTP is 264900 do not share it with anyone,0
Your order has been delivered successfully,0
Thank you for your recent purchase,0
Your OTP is 399763 do not share it with anyone,0
Your order has been delivered successfully,0
Your OTP is 581545 do not share it with anyone,0
Aapka payment successful raha,0
Your account statement is ready to view,0
Your OTP is 722992 do not share it with anyone,0
Your account statement is ready to view,0
Your OTP is 197462 do not share it with anyone,0
Your order has been delivered successfully,0
Your OTP is 831382 do not share it with anyone,0
Thank you for your recent purchase,0
Thank you for your recent purchase,0
Thank you for your recent purchase,0
Your OTP is 616314 do not share it with anyone,0
Your order has been delivered successfully,0
Aapka payment successful raha,0
Aapka payment successful raha,0
Thank you for your recent purchase,0
Your OTP is 344939 do not share it with anyone,0
Your OTP is 384504 do not share it with anyone,0
Your order has been delivered successfully,0
Your account statement is ready to view,0
Thank you for your recent purchase,0
Aapka payment successful raha,0
Thank you for your recent purchase,0
Thank you for your recent purchase,0
Your order has been delivered successfully,0
Your OTP is 620024 do not share it with anyone,0
Aapka payment successful raha,0
Your order has been delivered successfully,0
Thank you for your recent purchase,0
Your order has been delivered successfully,0
Thank you for your recent purchase,0
Your order has been delivered successfully,0
Aapka payment successful raha,0
Aapka payment successful raha,0
Thank you for your recent purchase,0
Your order has been delivered successfully,0
Your OTP is 837655 do not share it with anyone,0
Your order has been delivered successfully,0
Your account statement is ready to view,0
Your account statement is ready to view,0
Your account statement is ready to view,0
Your OTP is 885214 do not share it with anyone,0
Your OTP is 870710 do not share it with anyone,0
Your OTP is 402136 do not share it with anyone,0
Thank you for your recent purchase,0
Your OTP is 757322 do not share it with anyone,0
Your OTP is 912688 do not share it with anyone,0
Your OTP is 732868 do not share it with anyone,0
Thank you for your recent purchase,0
Thank you for your recent purchase,0
Aapka payment successful raha,0
Aapka payment successful raha,0
Your account statement is ready to view,0
Your order has been delivered successfully,0
Your account statement is ready to view,0
Your order has been delivered successfully,0
Your order has been delivered successfully,0
Thank you for your recent purchase,0
Your order has been delivered successfully,0
Your OTP is 782790 do not share it with anyone,0
Your OTP is 646473 do not share it with anyone,0
Your order has been delivered successfully,0
Aapka payment successful raha,0
Aapka payment successful raha,0
Your OTP is 984449 do not share it with anyone,0
Thank you for your recent purchase,0
Aapka payment successful raha,0
Thank you for your recent purchase,0
Your order has been delivered successfully,0
Aapka payment successful raha,0
Your OTP is 317847 do not share it with anyone,0
Your account statement is ready to view,0
Your OTP is 484247 do not share it with anyone,0
Aapka payment successful raha,0
Your order has been delivered successfully,0
Aapka payment successful raha,0
Thank you for your recent purchase,0
Aapka payment successful raha,0
Thank you for your recent purchase,0
Your order has been delivered successfully,0
Aapka payment successful raha,0
Thank you for your recent purchase,0
Your OTP is 535485 do not share it with anyone,0
Thank you for your recent purchase,0
Thank you for your recent purchase,0
Your account statement is ready to view,0
Thank you for your recent purchase,0
Thank you for your recent purchase,0
Aapka payment successful raha,0
Thank you for your recent purchase,0
Your OTP is 122041 do not share it with anyone,0
Your account statement is ready to view,0
Your OTP is 176703 do not share it with anyone,0
Aapka payment successful raha,0
Your account statement is ready to view,0
Your account statement is ready to view,0
Your account statement is ready to view,0
Aapka payment successful raha,0
Your OTP is 179573 do not share it with anyone,0
Your account statement is ready to view,0
Your OTP is 754939 do not share it with anyone,0
Thank you for your recent purchase,0
Your order has been delivered successfully,0
Your OTP is 556667 do not share it with anyone,0
Aapka payment successful raha,0
Your OTP is 980057 do not share it with anyone,0
Thank you for your recent purchase,0
Your account statement is ready to view,0
Thank you for your recent purchase,0
Your order has been delivered successfully,0
Aapka payment successful raha,0
Your order has been delivered successfully,0
Your OTP is 824233 do not share it with anyone,0
Aapka payment successful raha,0
Your order has been delivered successfully,0
Your account statement is ready to view,0
Aapka payment successful raha,0
Thank you for your recent purchase,0
Your account statement is ready to view,0
Your account statement is ready to view,0
Aapka payment successful raha,0
Aapka payment successful raha,0
Your OTP is 507373 do not share it with anyone,0
Your order has been delivered successfully,0
Your account statement is ready to view,0
Aapka payment successful raha,0
Your account statement is ready to view,0
Aapka payment successful raha,0
Thank you for your recent purchase,0
Your order has been delivered successfully,0
Aapka payment successful raha,0
Your order has been delivered successfully,0
Your order has been delivered successfully,0
Thank you for your recent purchase,0
Your OTP is 689542 do not share it with anyone,0
Thank you for your recent purchase,0
Your OTP is 460961 do not share it with anyone,0
Aapka payment successful raha,0
Your OTP is 922481 do not share it with anyone,0
Your account statement is ready to view,0
Your OTP is 838073 do not share it with anyone,0
Your account statement is ready to view,0
Your OTP is 689125 do not share it with anyone,0
Thank you for your recent purchase,0
Thank you for your recent purchase,0
Your OTP is 992836 do not share it with anyone,0
Your order has been delivered successfully,0
Aapka payment successful raha,0
Your OTP is 828152 do not share it with anyone,0
Thank you for your recent purchase,0
Your account statement is ready to view,0
Aapka payment successful raha,0
Your account statement is ready to view,0
Aapka payment successful raha,0
Your account statement is ready to view,0
Your order has been delivered successfully,0
Your order has been delivered successfully,0
Aapka payment successful raha,0
Your OTP is 243139 do not share it with anyone,0
Thank you for your recent purchase,0
Your account statement is ready to view,0
Aapka payment successful raha,0
Aapka payment successful raha,0
Your OTP is 579871 do not share it with anyone,0
Your account statement is ready to view,0
Your order has been delivered successfully,0
Your account statement is ready to view,0
Your order has been delivered successfully,0
Aapka payment successful raha,0
Your account statement is ready to view,0
Your order has been delivered successfully,0
Your order has been delivered successfully,0
Your account statement is ready to view,0
Your OTP is 644566 do not share it with anyone,0
Your account statement is ready to view,0
Aapka payment successful raha,0
Aapka payment successful raha,0
Thank you for your recent purchase,0
Your account statement is ready to view,0
Your OTP is 543072 do not share it with anyone,0
Your account statement is ready to view,0
Your account statement is ready to view,0
Your OTP is 324518 do not share it with anyone,0
Your account statement is ready to view,0
Your account statement is ready to view,0
Aapka payment successful raha,0
Your account statement is ready to view,0
Thank you for your recent purchase,0
Your OTP is 164565 do not share it with anyone,0
Thank you for your recent purchase,0
Your OTP is 258783 do not share it with anyone,0
Your OTP is 906212 do not share it with anyone,0
Aapka payment successful raha,0
